,Uniprot AC,Protein_Name,Organism,Gene_Symbol,Entrez_ID,Function
0,Q9UPQ8,Dolichol kinase (EC 2.7.1.108) (Transmembrane protein 15),Homo sapiens (Human),DOLK,22845;,dolichol kinase activity [GO:0004168]
1,Q9UP52,Transferrin receptor protein 2 (TfR2),Homo sapiens (Human),TFR2,7036;,co-receptor binding [GO:0039706]; transferrin receptor activity [GO:0004998]
2,Q9UGJ0,5'-AMP-activated protein kinase subunit gamma-2 (AMPK gamma2) (AMPK subunit gamma-2) (H91620p),Homo sapiens (Human),PRKAG2,51422;,ADP binding [GO:0043531]; AMP-activated protein kinase activity [GO:0004679]; AMP binding [GO:0016208]; ATP binding [GO:0005524]; cAMP-dependent protein kinase inhibitor activity [GO:0004862]; cAMP-dependent protein kinase regulator activity [GO:0008603]; phosphorylase kinase regulator activity [GO:0008607]; protein kinase activator activity [GO:0030295]; protein kinase binding [GO:0019901]
3,Q9NP59,Solute carrier family 40 member 1 (Ferroportin-1) (Iron-regulated transporter 1),Homo sapiens (Human),SLC40A1,30061;,ferrous iron transmembrane transporter activity [GO:0015093]; identical protein binding [GO:0042802]; iron ion transmembrane transporter activity [GO:0005381]; peptide hormone binding [GO:0017046]
4,Q9NNW7,"Thioredoxin reductase 2, mitochondrial (EC 1.8.1.9) (Selenoprotein Z) (SelZ) (TR-beta) (Thioredoxin reductase TR3)",Homo sapiens (Human),TXNRD2,10587;,electron transfer activity [GO:0009055]; flavin adenine dinucleotide binding [GO:0050660]; thioredoxin-disulfide reductase activity [GO:0004791]
5,Q9HCE0,Ectopic P granules protein 5 homolog,Homo sapiens (Human),EPG5,57724;,
6,Q9HAZ2,Histone-lysine N-methyltransferase PRDM16 (EC 2.1.1.-) (PR domain zinc finger protein 16) (PR domain-containing protein 16) (Transcription factor MEL1) (MDS1/EVI1-like gene 1),Homo sapiens (Human),PRDM16,63976;,activating transcription factor binding [GO:0033613]; histone methyltransferase activity (H3-K9 specific) [GO:0046974]; metal ion binding [GO:0046872]; sequence-specific DNA binding [GO:0043565]; SMAD binding [GO:0046332]; transcription coactivator activity [GO:0003713]
7,Q9H2M9,Rab3 GTPase-activating protein non-catalytic subunit (RGAP-iso) (Rab3 GTPase-activating protein 150 kDa subunit) (Rab3-GAP p150) (Rab3-GAP150) (Rab3-GAP regulatory subunit),Homo sapiens (Human),RAB3GAP2,25782;,enzyme activator activity [GO:0008047]; enzyme regulator activity [GO:0030234]; GTPase activator activity [GO:0005096]; protein heterodimerization activity [GO:0046982]; Rab GTPase binding [GO:0017137]; Rab guanyl-nucleotide exchange factor activity [GO:0017112]
8,Q9GZL7,Ribosome biogenesis protein WDR12 (WD repeat-containing protein 12),Homo sapiens (Human),WDR12,55759;,ribonucleoprotein complex binding [GO:0043021]
9,Q9BTV4,Transmembrane protein 43 (Protein LUMA),Homo sapiens (Human),TMEM43,79188;,protein self-association [GO:0043621]
10,Q99959,Plakophilin-2,Homo sapiens (Human),PKP2,5318;,alpha-catenin binding [GO:0045294]; cadherin binding [GO:0045296]; cell adhesive protein binding involved in bundle of His cell-Purkinje myocyte communication [GO:0086083]; intermediate filament binding [GO:0019215]; ion channel binding [GO:0044325]; molecular adaptor activity [GO:0060090]; protein kinase C binding [GO:0005080]; sodium channel regulator activity [GO:0017080]
11,Q96S65,Cysteine/serine-rich nuclear protein 1 (CSRNP-1) (Axin-1 up-regulated gene 1 protein) (Protein URAX1) (TGF-beta-induced apoptosis protein 3) (TAIP-3),Homo sapiens (Human),CSRNP1,64651;,"DNA-binding transcription activator activity, RNA polymerase II-specific [GO:0001228]; DNA-binding transcription factor activity [GO:0003700]; DNA-binding transcription factor activity, RNA polymerase II-specific [GO:0000981]; sequence-specific DNA binding [GO:0043565]"
12,Q96DA6,Mitochondrial import inner membrane translocase subunit TIM14 (DnaJ homolog subfamily C member 19),Homo sapiens (Human),DNAJC19,131118;,ATPase activator activity [GO:0001671]
13,Q92736,Ryanodine receptor 2 (RYR-2) (RyR2) (hRYR-2) (Cardiac muscle ryanodine receptor) (Cardiac muscle ryanodine receptor-calcium release channel) (Type 2 ryanodine receptor),Homo sapiens (Human),RYR2,6262;,calcium channel activity [GO:0005262]; calcium-induced calcium release activity [GO:0048763]; calcium ion binding [GO:0005509]; calcium-release channel activity [GO:0015278]; calmodulin binding [GO:0005516]; enzyme binding [GO:0019899]; identical protein binding [GO:0042802]; ion channel binding [GO:0044325]; protein kinase A catalytic subunit binding [GO:0034236]; protein kinase A regulatory subunit binding [GO:0034237]; protein self-association [GO:0043621]; ryanodine-sensitive calcium-release channel activity [GO:0005219]; suramin binding [GO:0043924]
14,Q92629,Delta-sarcoglycan (Delta-SG) (35 kDa dystrophin-associated glycoprotein) (35DAG),Homo sapiens (Human),SGCD,6444;,
15,Q8WZ42,Titin (EC 2.7.11.1) (Connectin) (Rhabdomyosarcoma antigen MU-RMS-40.14),Homo sapiens (Human),TTN,7273;,actin filament binding [GO:0051015]; actinin binding [GO:0042805]; ATP binding [GO:0005524]; calcium ion binding [GO:0005509]; calmodulin binding [GO:0005516]; enzyme binding [GO:0019899]; identical protein binding [GO:0042802]; muscle alpha-actinin binding [GO:0051371]; protease binding [GO:0002020]; protein kinase binding [GO:0019901]; protein self-association [GO:0043621]; protein serine/threonine kinase activity [GO:0004674]; protein tyrosine kinase activity [GO:0004713]; structural constituent of muscle [GO:0008307]; structural molecule activity conferring elasticity [GO:0097493]; telethonin binding [GO:0031433]
16,Q8WXH0,Nesprin-2 (KASH domain-containing protein 2) (KASH2) (Nuclear envelope spectrin repeat protein 2) (Nucleus and actin connecting element protein) (Protein NUANCE) (Synaptic nuclear envelope protein 2) (Syne-2),Homo sapiens (Human),SYNE2,23224;,actin binding [GO:0003779]; actin filament binding [GO:0051015]
17,Q8WUU5,GATA zinc finger domain-containing protein 1 (Ocular development-associated gene protein),Homo sapiens (Human),GATAD1,57798;,"DNA-binding transcription factor activity, RNA polymerase II-specific [GO:0000981]; sequence-specific DNA binding [GO:0043565]; zinc ion binding [GO:0008270]"
18,Q8TCU4,Alstrom syndrome protein 1,Homo sapiens (Human),ALMS1,7840;,microtubule binding [GO:0008017]
19,Q8NF91,Nesprin-1 (Enaptin) (KASH domain-containing protein 1) (KASH1) (Myocyte nuclear envelope protein 1) (Myne-1) (Nuclear envelope spectrin repeat protein 1) (Synaptic nuclear envelope protein 1) (Syne-1),Homo sapiens (Human),SYNE1,23345;,actin binding [GO:0003779]; actin filament binding [GO:0051015]; enzyme binding [GO:0019899]; identical protein binding [GO:0042802]; lamin binding [GO:0005521]; protein homodimerization activity [GO:0042803]; RNA binding [GO:0003723]
20,Q8N0Z2,Actin-binding Rho-activating protein (Striated muscle activator of Rho-dependent signaling) (STARS),Homo sapiens (Human),ABRA,137735;,actin binding [GO:0003779]
21,Q86TC9,Myopalladin (145 kDa sarcomeric protein),Homo sapiens (Human),MYPN,84665;,actin binding [GO:0003779]; cell-cell adhesion mediator activity [GO:0098632]; cytoskeletal protein binding [GO:0008092]; muscle alpha-actinin binding [GO:0051371]; SH3 domain binding [GO:0017124]
22,Q5T481,RNA-binding protein 20 (RNA-binding motif protein 20),Homo sapiens (Human),RBM20,282996;,RNA binding [GO:0003723]; zinc ion binding [GO:0008270]
23,Q5BKX8,Caveolae-associated protein 4 (Muscle-related coiled-coil protein) (Muscle-restricted coiled-coil protein),Homo sapiens (Human),CAVIN4,347273;,
24,Q53GG5,PDZ and LIM domain protein 3 (Actinin-associated LIM protein) (Alpha-actinin-2-associated LIM protein),Homo sapiens (Human),PDLIM3,27295;,actin binding [GO:0003779]; metal ion binding [GO:0046872]; muscle alpha-actinin binding [GO:0051371]; structural constituent of muscle [GO:0008307]
25,Q30201,Hereditary hemochromatosis protein (HLA-H),Homo sapiens (Human),HFE,3077;,beta-2-microglobulin binding [GO:0030881]; co-receptor binding [GO:0039706]; signaling receptor binding [GO:0005102]; transferrin receptor binding [GO:1990459]
26,Q16635,Tafazzin (Protein G4.5),Homo sapiens (Human),TAZ,6901;,1-acylglycerol-3-phosphate O-acyltransferase activity [GO:0003841]; 1-acylglycerophosphocholine O-acyltransferase activity [GO:0047184]; O-acyltransferase activity [GO:0008374]
27,Q16619,Cardiotrophin-1 (CT-1),Homo sapiens (Human),CTF1,1489;,cytokine activity [GO:0005125]; leukemia inhibitory factor receptor binding [GO:0005146]
28,Q16363,Laminin subunit alpha-4 (Laminin-14 subunit alpha) (Laminin-8 subunit alpha) (Laminin-9 subunit alpha),Homo sapiens (Human),LAMA4,3910;,extracellular matrix structural constituent [GO:0005201]; signaling receptor binding [GO:0005102]
29,Q15327,Ankyrin repeat domain-containing protein 1 (Cardiac ankyrin repeat protein) (Cytokine-inducible gene C-193 protein) (Cytokine-inducible nuclear protein),Homo sapiens (Human),ANKRD1,27063;,DNA binding [GO:0003677]; histone deacetylase binding [GO:0042826]; p53 binding [GO:0002039]; RNA polymerase II-specific DNA-binding transcription factor binding [GO:0061629]; RNA polymerase II transcription factor binding [GO:0001085]; R-SMAD binding [GO:0070412]; titin binding [GO:0031432]; transcription coactivator activity [GO:0003713]; transcription corepressor activity [GO:0003714]
30,Q14896,"Myosin-binding protein C, cardiac-type (Cardiac MyBP-C) (C-protein, cardiac muscle isoform)",Homo sapiens (Human),MYBPC3,4607;,actin binding [GO:0003779]; ATPase activator activity [GO:0001671]; identical protein binding [GO:0042802]; metal ion binding [GO:0046872]; myosin binding [GO:0017022]; myosin heavy chain binding [GO:0032036]; structural constituent of muscle [GO:0008307]; titin binding [GO:0031432]
31,Q14524,Sodium channel protein type 5 subunit alpha (HH1) (Sodium channel protein cardiac muscle subunit alpha) (Sodium channel protein type V subunit alpha) (Voltage-gated sodium channel subunit alpha Nav1.5),Homo sapiens (Human),SCN5A,6331;,ankyrin binding [GO:0030506]; calmodulin binding [GO:0005516]; enzyme binding [GO:0019899]; fibroblast growth factor binding [GO:0017134]; ion channel binding [GO:0044325]; nitric-oxide synthase binding [GO:0050998]; protein domain specific binding [GO:0019904]; protein kinase binding [GO:0019901]; scaffold protein binding [GO:0097110]; ubiquitin protein ligase binding [GO:0031625]; voltage-gated ion channel activity [GO:0005244]; voltage-gated sodium channel activity [GO:0005248]; voltage-gated sodium channel activity involved in AV node cell action potential [GO:0086060]; voltage-gated sodium channel activity involved in bundle of His cell action potential [GO:0086061]; voltage-gated sodium channel activity involved in cardiac muscle cell action potential [GO:0086006]; voltage-gated sodium channel activity involved in Purkinje myocyte action potential [GO:0086062]; voltage-gated sodium channel activity involved in SA node cell action potential [GO:0086063]
32,Q14315,Filamin-C (FLN-C) (FLNc) (ABP-280-like protein) (ABP-L) (Actin-binding-like protein) (Filamin-2) (Gamma-filamin),Homo sapiens (Human),FLNC,2318;,actin binding [GO:0003779]; ankyrin binding [GO:0030506]; cytoskeletal protein binding [GO:0008092]; identical protein binding [GO:0042802]
33,Q14192,Four and a half LIM domains protein 2 (FHL-2) (LIM domain protein DRAL) (Skeletal muscle LIM-protein 3) (SLIM-3),Homo sapiens (Human),FHL2,2274;,androgen receptor binding [GO:0050681]; identical protein binding [GO:0042802]; metal ion binding [GO:0046872]; transcription coactivator activity [GO:0003713]; transcription factor binding [GO:0008134]
34,Q14126,Desmoglein-2 (Cadherin family member 5) (HDGC),Homo sapiens (Human),DSG2,1829;,calcium ion binding [GO:0005509]; cell adhesion molecule binding [GO:0050839]; cell adhesive protein binding involved in bundle of His cell-Purkinje myocyte communication [GO:0086083]
35,Q13642,Four and a half LIM domains protein 1 (FHL-1) (Skeletal muscle LIM-protein 1) (SLIM) (SLIM-1),Homo sapiens (Human),FHL1,2273;,ion channel binding [GO:0044325]; metal ion binding [GO:0046872]
36,Q13418,Integrin-linked protein kinase (EC 2.7.11.1) (59 kDa serine/threonine-protein kinase) (ILK-1) (ILK-2) (p59ILK),Homo sapiens (Human),ILK,3611;,ATP binding [GO:0005524]; integrin binding [GO:0005178]; protein kinase binding [GO:0019901]; protein serine/threonine kinase activity [GO:0004674]; SH3 domain binding [GO:0017124]
37,Q13315,Serine-protein kinase ATM (EC 2.7.11.1) (Ataxia telangiectasia mutated) (A-T mutated),Homo sapiens (Human),ATM,472;,1-phosphatidylinositol-3-kinase activity [GO:0016303]; ATP binding [GO:0005524]; DNA binding [GO:0003677]; DNA-dependent protein kinase activity [GO:0004677]; identical protein binding [GO:0042802]; protein-containing complex binding [GO:0044877]; protein N-terminus binding [GO:0047485]; protein serine/threonine kinase activity [GO:0004674]
38,Q0ZGT2,Nexilin (F-actin-binding protein) (Nelin),Homo sapiens (Human),NEXN,91624;,actin filament binding [GO:0051015]; cell-cell adhesion mediator activity [GO:0098632]; structural constituent of muscle [GO:0008307]
39,Q09013,Myotonin-protein kinase (MT-PK) (EC 2.7.11.1) (DM-kinase) (DMK) (DM1 protein kinase) (DMPK) (Myotonic dystrophy protein kinase),Homo sapiens (Human),DMPK,1760;,ATP binding [GO:0005524]; metal ion binding [GO:0046872]; myosin phosphatase regulator activity [GO:0017020]; protein serine/threonine kinase activity [GO:0004674]
40,Q07699,Sodium channel subunit beta-1,Homo sapiens (Human),SCN1B,6324;,ion channel binding [GO:0044325]; sodium channel inhibitor activity [GO:0019871]; sodium channel regulator activity [GO:0017080]; voltage-gated ion channel activity [GO:0005244]; voltage-gated sodium channel activity [GO:0005248]; voltage-gated sodium channel activity involved in cardiac muscle cell action potential [GO:0086006]; voltage-gated sodium channel activity involved in Purkinje myocyte action potential [GO:0086062]
41,Q02487,Desmocollin-2 (Cadherin family member 2) (Desmocollin-3) (Desmosomal glycoprotein II) (Desmosomal glycoprotein III),Homo sapiens (Human),DSC2,1824;,calcium ion binding [GO:0005509]; cell adhesive protein binding involved in bundle of His cell-Purkinje myocyte communication [GO:0086083]
42,P81172,Hepcidin (Liver-expressed antimicrobial peptide 1) (LEAP-1) (Putative liver tumor regressor) (PLTR) [Cleaved into: Hepcidin-25 (Hepc25); Hepcidin-20 (Hepc20)],Homo sapiens (Human),HAMP,57817;,hormone activity [GO:0005179]; iron ion transmembrane transporter inhibitor activity [GO:0097690]; signaling receptor binding [GO:0005102]
43,P68032,"Actin, alpha cardiac muscle 1 (Alpha-cardiac actin) [Cleaved into: Actin, alpha cardiac muscle 1, intermediate form]",Homo sapiens (Human),ACTC1,70;,ATPase activity [GO:0016887]; ATP binding [GO:0005524]; myosin binding [GO:0017022]
44,P63316,"Troponin C, slow skeletal and cardiac muscles (TN-C)",Homo sapiens (Human),TNNC1,7134;,actin filament binding [GO:0051015]; calcium-dependent protein binding [GO:0048306]; calcium ion binding [GO:0005509]; protein homodimerization activity [GO:0042803]; troponin I binding [GO:0031013]; troponin T binding [GO:0031014]
45,P63000,Ras-related C3 botulinum toxin substrate 1 (EC 3.6.5.2) (Cell migration-inducing gene 5 protein) (Ras-like protein TC25) (p21-Rac1),Homo sapiens (Human),RAC1,5879;,ATPase binding [GO:0051117]; enzyme binding [GO:0019899]; GTPase activity [GO:0003924]; GTP binding [GO:0005525]; histone deacetylase binding [GO:0042826]; protein-containing complex binding [GO:0044877]; protein kinase binding [GO:0019901]; Rab GTPase binding [GO:0017137]; Rho GDP-dissociation inhibitor binding [GO:0051022]; thioesterase binding [GO:0031996]
46,P57059,Serine/threonine-protein kinase SIK1 (EC 2.7.11.1) (Salt-inducible kinase 1) (SIK-1) (Serine/threonine-protein kinase SNF1-like kinase 1) (Serine/threonine-protein kinase SNF1LK),Homo sapiens (Human),SIK1,102724428;150094;,14-3-3 protein binding [GO:0071889]; ATP binding [GO:0005524]; cAMP response element binding protein binding [GO:0008140]; magnesium ion binding [GO:0000287]; protein kinase binding [GO:0019901]; protein serine/threonine kinase activity [GO:0004674]
47,P52952,Homeobox protein Nkx-2.5 (Cardiac-specific homeobox) (Homeobox protein CSX) (Homeobox protein NK-2 homolog E),Homo sapiens (Human),NKX2-5,1482;,"chromatin binding [GO:0003682]; DNA binding [GO:0003677]; DNA-binding transcription activator activity, RNA polymerase II-specific [GO:0001228]; DNA-binding transcription factor activity [GO:0003700]; DNA-binding transcription factor activity, RNA polymerase II-specific [GO:0000981]; protein heterodimerization activity [GO:0046982]; protein homodimerization activity [GO:0042803]; RNA polymerase II cis-regulatory region sequence-specific DNA binding [GO:0000978]; sequence-specific DNA binding [GO:0043565]; serum response element binding [GO:0010736]; transcription factor binding [GO:0008134]; transcription regulatory region DNA binding [GO:0044212]"
48,P51811,Membrane transport protein XK (Kell complex 37 kDa component) (Kx antigen) (XK-related protein 1),Homo sapiens (Human),XK,7504;,transporter activity [GO:0005215]
49,P51606,N-acylglucosamine 2-epimerase (AGE) (EC 5.1.3.8) (GlcNAc 2-epimerase) (N-acetyl-D-glucosamine 2-epimerase) (Renin-binding protein) (RnBP),Homo sapiens (Human),RENBP,5973;,ATP binding [GO:0005524]; endopeptidase inhibitor activity [GO:0004866]; N-acylglucosamine 2-epimerase activity [GO:0050121]; peptidase inhibitor activity [GO:0030414]; protein homodimerization activity [GO:0042803]
50,P50461,"Cysteine and glycine-rich protein 3 (Cardiac LIM protein) (Cysteine-rich protein 3) (CRP3) (LIM domain protein, cardiac) (Muscle LIM protein)",Homo sapiens (Human),CSRP3,8048;,actin binding [GO:0003779]; actinin binding [GO:0042805]; identical protein binding [GO:0042802]; metal ion binding [GO:0046872]; structural constituent of muscle [GO:0008307]; telethonin binding [GO:0031433]
51,P50402,Emerin,Homo sapiens (Human),EMD,2010;,actin binding [GO:0003779]; beta-tubulin binding [GO:0048487]; cadherin binding [GO:0045296]
52,P49810,Presenilin-2 (PS-2) (EC 3.4.23.-) (AD3LP) (AD5) (E5-1) (STM-2) [Cleaved into: Presenilin-2 NTF subunit; Presenilin-2 CTF subunit],Homo sapiens (Human),PSEN2,5664;,"aspartic endopeptidase activity, intramembrane cleaving [GO:0042500]; endopeptidase activity [GO:0004175]"
53,P49768,Presenilin-1 (PS-1) (EC 3.4.23.-) (Protein S182) [Cleaved into: Presenilin-1 NTF subunit; Presenilin-1 CTF subunit; Presenilin-1 CTF12 (PS1-CTF12)],Homo sapiens (Human),PSEN1,5663;,"aspartic endopeptidase activity, intramembrane cleaving [GO:0042500]; aspartic-type endopeptidase activity [GO:0004190]; beta-catenin binding [GO:0008013]; cadherin binding [GO:0045296]; calcium channel activity [GO:0005262]; endopeptidase activity [GO:0004175]; PDZ domain binding [GO:0030165]"
54,P49327,Fatty acid synthase (EC 2.3.1.85) [Includes: [Acyl-carrier-protein] S-acetyltransferase (EC 2.3.1.38); [Acyl-carrier-protein] S-malonyltransferase (EC 2.3.1.39); 3-oxoacyl-[acyl-carrier-protein] synthase (EC 2.3.1.41); 3-oxoacyl-[acyl-carrier-protein] reductase (EC 1.1.1.100); 3-hydroxyacyl-[acyl-carrier-protein] dehydratase (EC 4.2.1.59); Enoyl-[acyl-carrier-protein] reductase (EC 1.3.1.39); Oleoyl-[acyl-carrier-protein] hydrolase (EC 3.1.2.14)],Homo sapiens (Human),FASN,2194;,"(3R)-hydroxymyristoyl-[acyl-carrier-protein] dehydratase activity [GO:0008659]; [acyl-carrier-protein] S-acetyltransferase activity [GO:0004313]; [acyl-carrier-protein] S-malonyltransferase activity [GO:0004314]; 3-hydroxydecanoyl-[acyl-carrier-protein] dehydratase activity [GO:0008693]; 3-hydroxyoctanoyl-[acyl-carrier-protein] dehydratase activity [GO:0047451]; 3-hydroxypalmitoyl-[acyl-carrier-protein] dehydratase activity [GO:0004317]; 3-oxoacyl-[acyl-carrier-protein] reductase (NADPH) activity [GO:0004316]; 3-oxoacyl-[acyl-carrier-protein] synthase activity [GO:0004315]; 3-oxo-glutaryl-[acp] methyl ester reductase activity [GO:0102131]; 3-oxo-pimeloyl-[acp] methyl ester reductase activity [GO:0102132]; cadherin binding [GO:0045296]; drug binding [GO:0008144]; enoyl-[acyl-carrier-protein] reductase (NADPH, A-specific) activity [GO:0047117]; myristoyl-[acyl-carrier-protein] hydrolase activity [GO:0016295]; NADPH binding [GO:0070402]; oleoyl-[acyl-carrier-protein] hydrolase activity [GO:0004320]; palmitoyl-[acyl-carrier-protein] hydrolase activity [GO:0016296]; phosphopantetheine binding [GO:0031177]; protein homodimerization activity [GO:0042803]; RNA binding [GO:0003723]"
55,P48735,"Isocitrate dehydrogenase [NADP], mitochondrial (IDH) (EC 1.1.1.42) (ICD-M) (IDP) (NADP(+)-specific ICDH) (Oxalosuccinate decarboxylase)",Homo sapiens (Human),IDH2,3418;,isocitrate dehydrogenase (NADP+) activity [GO:0004450]; magnesium ion binding [GO:0000287]; NAD binding [GO:0051287]
56,P48023,"Tumor necrosis factor ligand superfamily member 6 (Apoptosis antigen ligand) (APTL) (CD95 ligand) (CD95-L) (Fas antigen ligand) (Fas ligand) (FasL) (CD antigen CD178) [Cleaved into: Tumor necrosis factor ligand superfamily member 6, membrane form; Tumor necrosis factor ligand superfamily member 6, soluble form (Receptor-binding FasL ectodomain) (Soluble Fas ligand) (sFasL); ADAM10-processed FasL form (APL); FasL intracellular domain (FasL ICD) (SPPL2A-processed FasL form) (SPA)]",Homo sapiens (Human),FASLG,356;,cytokine activity [GO:0005125]; death receptor binding [GO:0005123]; signaling receptor binding [GO:0005102]; tumor necrosis factor receptor binding [GO:0005164]
57,P45379,"Troponin T, cardiac muscle (TnTc) (Cardiac muscle troponin T) (cTnT)",Homo sapiens (Human),TNNT2,7139;,actin binding [GO:0003779]; calcium ion binding [GO:0005509]; tropomyosin binding [GO:0005523]; troponin C binding [GO:0030172]; troponin I binding [GO:0031013]
58,P42167,"Lamina-associated polypeptide 2, isoforms beta/gamma (Thymopoietin, isoforms beta/gamma) (TP beta/gamma) (Thymopoietin-related peptide isoforms beta/gamma) (TPRP isoforms beta/gamma) [Cleaved into: Thymopoietin (TP) (Splenin); Thymopentin (TP5)]",Homo sapiens (Human),TMPO,7112;,DNA binding [GO:0003677]; lamin binding [GO:0005521]
59,P42166,"Lamina-associated polypeptide 2, isoform alpha (Thymopoietin isoform alpha) (TP alpha) (Thymopoietin-related peptide isoform alpha) (TPRP isoform alpha) [Cleaved into: Thymopoietin (TP) (Splenin); Thymopentin (TP5)]",Homo sapiens (Human),TMPO,7112;,cadherin binding [GO:0045296]; DNA binding [GO:0003677]; lamin binding [GO:0005521]
60,P35609,Alpha-actinin-2 (Alpha-actinin skeletal muscle isoform 2) (F-actin cross-linking protein),Homo sapiens (Human),ACTN2,88;,"actin filament binding [GO:0051015]; calcium ion binding [GO:0005509]; cytoskeletal protein binding [GO:0008092]; FATZ binding [GO:0051373]; identical protein binding [GO:0042802]; integrin binding [GO:0005178]; ion channel binding [GO:0044325]; LIM domain binding [GO:0030274]; phosphatidylinositol-4,5-bisphosphate binding [GO:0005546]; protein dimerization activity [GO:0046983]; protein domain specific binding [GO:0019904]; protein homodimerization activity [GO:0042803]; structural constituent of muscle [GO:0008307]; thyroid hormone receptor coactivator activity [GO:0030375]; titin binding [GO:0031432]; titin Z domain binding [GO:0070080]"
61,P31040,"Succinate dehydrogenase [ubiquinone] flavoprotein subunit, mitochondrial (EC 1.3.5.1) (Flavoprotein subunit of complex II) (Fp)",Homo sapiens (Human),SDHA,6389;,electron transfer activity [GO:0009055]; flavin adenine dinucleotide binding [GO:0050660]; succinate dehydrogenase (ubiquinone) activity [GO:0008177]; succinate dehydrogenase activity [GO:0000104]
62,P26678,Cardiac phospholamban (PLB),Homo sapiens (Human),PLN,5350;,ATPase binding [GO:0051117]; ATPase inhibitor activity [GO:0042030]; calcium channel regulator activity [GO:0005246]; enzyme inhibitor activity [GO:0004857]; identical protein binding [GO:0042802]; protein homodimerization activity [GO:0042803]
63,P25874,Mitochondrial brown fat uncoupling protein 1 (UCP 1) (Solute carrier family 25 member 7) (Thermogenin),Homo sapiens (Human),UCP1,7350;,cardiolipin binding [GO:1901612]; long-chain fatty acid binding [GO:0036041]; oxidative phosphorylation uncoupler activity [GO:0017077]; purine ribonucleotide binding [GO:0032555]; transmembrane transporter activity [GO:0022857]
64,P25445,Tumor necrosis factor receptor superfamily member 6 (Apo-1 antigen) (Apoptosis-mediating surface antigen FAS) (FASLG receptor) (CD antigen CD95),Homo sapiens (Human),FAS,355;,calmodulin binding [GO:0005516]; identical protein binding [GO:0042802]; kinase binding [GO:0019900]; signaling receptor activity [GO:0038023]; transmembrane signaling receptor activity [GO:0004888]
65,P19429,"Troponin I, cardiac muscle (Cardiac troponin I)",Homo sapiens (Human),TNNI3,7137;,actin binding [GO:0003779]; actin filament binding [GO:0051015]; calcium channel inhibitor activity [GO:0019855]; calcium-dependent protein binding [GO:0048306]; metal ion binding [GO:0046872]; protein domain specific binding [GO:0019904]; protein kinase binding [GO:0019901]; troponin C binding [GO:0030172]; troponin T binding [GO:0031014]
66,P18206,Vinculin (Metavinculin) (MV),Homo sapiens (Human),VCL,7414;,actin binding [GO:0003779]; alpha-catenin binding [GO:0045294]; beta-catenin binding [GO:0008013]; cadherin binding [GO:0045296]; dystroglycan binding [GO:0002162]; structural molecule activity [GO:0005198]; ubiquitin protein ligase binding [GO:0031625]
67,P17661,Desmin,Homo sapiens (Human),DES,1674;,cytoskeletal protein binding [GO:0008092]; identical protein binding [GO:0042802]; structural constituent of cytoskeleton [GO:0005200]
68,P16860,Natriuretic peptides B (Gamma-brain natriuretic peptide) [Cleaved into: Brain natriuretic peptide 32 (BNP(1-32)) (BNP-32); BNP(1-30); BNP(1-29); BNP(1-28); BNP(2-31); BNP(3-32); BNP(3-30); BNP(3-29); BNP(4-32); BNP(4-31); BNP(4-30); BNP(4-29); BNP(4-27); BNP(5-32); BNP(5-31); BNP(5-29)],Homo sapiens (Human),NPPB,4879;,diuretic hormone activity [GO:0008613]; hormone activity [GO:0005179]; hormone receptor binding [GO:0051427]; signaling receptor binding [GO:0005102]
69,P16671,Platelet glycoprotein 4 (Fatty acid translocase) (FAT) (Glycoprotein IIIb) (GPIIIB) (Leukocyte differentiation antigen CD36) (PAS IV) (PAS-4) (Platelet collagen receptor) (Platelet glycoprotein IV) (GPIV) (Thrombospondin receptor) (CD antigen CD36),Homo sapiens (Human),CD36,948;,amyloid-beta binding [GO:0001540]; high-density lipoprotein particle binding [GO:0008035]; lipid binding [GO:0008289]; lipoprotein particle binding [GO:0071813]; lipoteichoic acid receptor activity [GO:0070892]; low-density lipoprotein particle binding [GO:0030169]; low-density lipoprotein particle receptor activity [GO:0005041]; oxidised low-density lipoprotein particle receptor activity [GO:0150025]; protein-containing complex binding [GO:0044877]; scavenger receptor activity [GO:0005044]; thrombospondin receptor activity [GO:0070053]; Toll-like receptor binding [GO:0035325]; transforming growth factor beta binding [GO:0050431]
70,P15924,Desmoplakin (DP) (250/210 kDa paraneoplastic pemphigus antigen),Homo sapiens (Human),DSP,1832;,cell adhesion molecule binding [GO:0050839]; cell adhesive protein binding involved in bundle of His cell-Purkinje myocyte communication [GO:0086083]; protein kinase C binding [GO:0005080]; RNA binding [GO:0003723]; scaffold protein binding [GO:0097110]; structural constituent of cytoskeleton [GO:0005200]
71,P14923,Junction plakoglobin (Catenin gamma) (Desmoplakin III) (Desmoplakin-3),Homo sapiens (Human),JUP,3728;,alpha-catenin binding [GO:0045294]; cadherin binding [GO:0045296]; cell adhesion molecule binding [GO:0050839]; cell adhesive protein binding involved in bundle of His cell-Purkinje myocyte communication [GO:0086083]; nuclear hormone receptor binding [GO:0035257]; protein homodimerization activity [GO:0042803]; protein kinase binding [GO:0019901]; protein phosphatase binding [GO:0019903]; structural molecule activity [GO:0005198]; transcription coactivator activity [GO:0003713]
72,P13533,"Myosin-6 (Myosin heavy chain 6) (Myosin heavy chain, cardiac muscle alpha isoform) (MyHC-alpha)",Homo sapiens (Human),MYH6,4624;,actin-dependent ATPase activity [GO:0030898]; actin filament binding [GO:0051015]; ATPase activity [GO:0016887]; ATP binding [GO:0005524]; calmodulin binding [GO:0005516]; microfilament motor activity [GO:0000146]; myosin phosphatase activity [GO:0017018]; protein kinase binding [GO:0019901]
73,P13473,Lysosome-associated membrane glycoprotein 2 (LAMP-2) (Lysosome-associated membrane protein 2) (CD107 antigen-like family member B) (LGP-96) (CD antigen CD107b),Homo sapiens (Human),LAMP2,3920;,enzyme binding [GO:0019899]; protein domain specific binding [GO:0019904]
74,P12883,"Myosin-7 (Myosin heavy chain 7) (Myosin heavy chain slow isoform) (MyHC-slow) (Myosin heavy chain, cardiac muscle beta isoform) (MyHC-beta)",Homo sapiens (Human),MYH7,4625;,actin-dependent ATPase activity [GO:0030898]; actin filament binding [GO:0051015]; ATPase activity [GO:0016887]; ATP binding [GO:0005524]; calmodulin binding [GO:0005516]; microfilament motor activity [GO:0000146]
75,P11532,Dystrophin,Homo sapiens (Human),DMD,1756;,actin binding [GO:0003779]; dystroglycan binding [GO:0002162]; myosin binding [GO:0017022]; nitric-oxide synthase binding [GO:0050998]; structural constituent of cytoskeleton [GO:0005200]; structural constituent of muscle [GO:0008307]; vinculin binding [GO:0017166]; zinc ion binding [GO:0008270]
76,P10916,"Myosin regulatory light chain 2, ventricular/cardiac muscle isoform (MLC-2) (MLC-2v) (Cardiac myosin light chain 2) (Myosin light chain 2, slow skeletal/ventricular muscle isoform) (MLC-2s/v) (Ventricular myosin light chain 2)",Homo sapiens (Human),MYL2,4633;,actin monomer binding [GO:0003785]; calcium ion binding [GO:0005509]; myosin heavy chain binding [GO:0032036]; structural constituent of muscle [GO:0008307]
77,P09919,Granulocyte colony-stimulating factor (G-CSF) (Pluripoietin) (Filgrastim) (Lenograstim),Homo sapiens (Human),CSF3,1440;,cytokine activity [GO:0005125]; enzyme binding [GO:0019899]; granulocyte colony-stimulating factor receptor binding [GO:0005130]; growth factor activity [GO:0008083]
78,P09493,Tropomyosin alpha-1 chain (Alpha-tropomyosin) (Tropomyosin-1),Homo sapiens (Human),TPM1,7168;,actin binding [GO:0003779]; actin filament binding [GO:0051015]; cytoskeletal protein binding [GO:0008092]; identical protein binding [GO:0042802]; protein heterodimerization activity [GO:0046982]; protein homodimerization activity [GO:0042803]; structural constituent of cytoskeleton [GO:0005200]; structural constituent of muscle [GO:0008307]
79,P08590,"Myosin light chain 3 (Cardiac myosin light chain 1) (CMLC1) (Myosin light chain 1, slow-twitch muscle B/ventricular isoform) (MLC1SB) (Ventricular myosin alkali light chain) (Ventricular myosin light chain 1) (VLCl) (Ventricular/slow twitch myosin alkali light chain) (MLC-lV/sb)",Homo sapiens (Human),MYL3,4634;,actin monomer binding [GO:0003785]; calcium ion binding [GO:0005509]; myosin II heavy chain binding [GO:0032038]; structural constituent of muscle [GO:0008307]
80,P08588,Beta-1 adrenergic receptor (Beta-1 adrenoreceptor) (Beta-1 adrenoceptor),Homo sapiens (Human),ADRB1,153;,adrenergic receptor activity [GO:0004935]; alpha-2A adrenergic receptor binding [GO:0031694]; beta1-adrenergic receptor activity [GO:0004940]; beta-adrenergic receptor activity [GO:0004939]; epinephrine binding [GO:0051379]; G protein-coupled neurotransmitter receptor activity involved in regulation of postsynaptic membrane potential [GO:0099579]; norepinephrine binding [GO:0051380]; PDZ domain binding [GO:0030165]; protein heterodimerization activity [GO:0046982]; Ras guanyl-nucleotide exchange factor activity [GO:0005088]
81,P08235,Mineralocorticoid receptor (MR) (Nuclear receptor subfamily 3 group C member 2),Homo sapiens (Human),NR3C2,4306;,"DNA-binding transcription factor activity [GO:0003700]; DNA-binding transcription factor activity, RNA polymerase II-specific [GO:0000981]; sequence-specific DNA binding [GO:0043565]; steroid binding [GO:0005496]; steroid hormone receptor activity [GO:0003707]; zinc ion binding [GO:0008270]"
82,P07550,Beta-2 adrenergic receptor (Beta-2 adrenoreceptor) (Beta-2 adrenoceptor),Homo sapiens (Human),ADRB2,154;,adenylate cyclase binding [GO:0008179]; adrenergic receptor activity [GO:0004935]; amyloid-beta binding [GO:0001540]; beta2-adrenergic receptor activity [GO:0004941]; epinephrine binding [GO:0051379]; identical protein binding [GO:0042802]; norepinephrine binding [GO:0051380]; potassium channel regulator activity [GO:0015459]; protein-containing complex binding [GO:0044877]; protein homodimerization activity [GO:0042803]
83,P07203,Glutathione peroxidase 1 (GPx-1) (GSHPx-1) (EC 1.11.1.9) (Cellular glutathione peroxidase),Homo sapiens (Human),GPX1,2876;,glutathione peroxidase activity [GO:0004602]; peroxidase activity [GO:0004601]; SH3 domain binding [GO:0017124]
84,P06280,Alpha-galactosidase A (EC 3.2.1.22) (Alpha-D-galactosidase A) (Alpha-D-galactoside galactohydrolase) (Melibiase) (Agalsidase),Homo sapiens (Human),GLA,2717;,alpha-galactosidase activity [GO:0004557]; catalytic activity [GO:0003824]; galactoside binding [GO:0016936]; hydrolase activity [GO:0016787]; protein homodimerization activity [GO:0042803]; raffinose alpha-galactosidase activity [GO:0052692]; signaling receptor binding [GO:0005102]
85,P05556,Integrin beta-1 (Fibronectin receptor subunit beta) (Glycoprotein IIa) (GPIIA) (VLA-4 subunit beta) (CD antigen CD29),Homo sapiens (Human),ITGB1,3688;,actin binding [GO:0003779]; cadherin binding [GO:0045296]; cell adhesion molecule binding [GO:0050839]; collagen binding involved in cell-matrix adhesion [GO:0098639]; coreceptor activity [GO:0015026]; fibronectin binding [GO:0001968]; integrin binding [GO:0005178]; laminin binding [GO:0043236]; metal ion binding [GO:0046872]; protease binding [GO:0002020]; protein-containing complex binding [GO:0044877]; protein heterodimerization activity [GO:0046982]; virus receptor activity [GO:0001618]
86,P05164,Myeloperoxidase (MPO) (EC 1.11.2.2) [Cleaved into: Myeloperoxidase; 89 kDa myeloperoxidase; 84 kDa myeloperoxidase; Myeloperoxidase light chain; Myeloperoxidase heavy chain],Homo sapiens (Human),MPO,4353;,chromatin binding [GO:0003682]; heme binding [GO:0020037]; heparin binding [GO:0008201]; metal ion binding [GO:0046872]; peroxidase activity [GO:0004601]
87,P04179,"Superoxide dismutase [Mn], mitochondrial (EC 1.15.1.1)",Homo sapiens (Human),SOD2,6648;,identical protein binding [GO:0042802]; manganese ion binding [GO:0030145]; metal ion binding [GO:0046872]; superoxide dismutase activity [GO:0004784]
88,P04049,RAF proto-oncogene serine/threonine-protein kinase (EC 2.7.11.1) (Proto-oncogene c-RAF) (cRaf) (Raf-1),Homo sapiens (Human),RAF1,5894;,adenylate cyclase activator activity [GO:0010856]; adenylate cyclase binding [GO:0008179]; ATP binding [GO:0005524]; enzyme binding [GO:0019899]; identical protein binding [GO:0042802]; MAP kinase kinase kinase activity [GO:0004709]; metal ion binding [GO:0046872]; mitogen-activated protein kinase kinase binding [GO:0031434]; protein heterodimerization activity [GO:0046982]; protein kinase activity [GO:0004672]; protein serine/threonine kinase activity [GO:0004674]
89,P02766,Transthyretin (ATTR) (Prealbumin) (TBPA),Homo sapiens (Human),TTR,7276;,hormone activity [GO:0005179]; identical protein binding [GO:0042802]; protein heterodimerization activity [GO:0046982]; thyroid hormone binding [GO:0070324]
90,P02545,Prelamin-A/C [Cleaved into: Lamin-A/C (70 kDa lamin) (Renal carcinoma antigen NY-REN-32)],Homo sapiens (Human),LMNA,4000;,identical protein binding [GO:0042802]; structural molecule activity [GO:0005198]
91,P02511,Alpha-crystallin B chain (Alpha(B)-crystallin) (Heat shock protein beta-5) (HspB5) (Renal carcinoma antigen NY-REN-27) (Rosenthal fiber component),Homo sapiens (Human),CRYAB,1410;,amyloid-beta binding [GO:0001540]; identical protein binding [GO:0042802]; metal ion binding [GO:0046872]; microtubule binding [GO:0008017]; protein-containing complex binding [GO:0044877]; protein homodimerization activity [GO:0042803]; structural constituent of eye lens [GO:0005212]; unfolded protein binding [GO:0051082]
92,P01160,Natriuretic peptides A (CDD-ANF) (Cardiodilatin) (CDD) (Cardiodilatin-related peptide) (CDP) (Prepronatriodilatin) [Cleaved into: Atrial natriuretic factor (ANF) (Atrial natriuretic peptide) (ANP)],Homo sapiens (Human),NPPA,4878;,hormone activity [GO:0005179]; hormone receptor binding [GO:0051427]; neuropeptide hormone activity [GO:0005184]; neuropeptide receptor binding [GO:0071855]; signaling receptor binding [GO:0005102]
93,P00533,Epidermal growth factor receptor (EC 2.7.10.1) (Proto-oncogene c-ErbB-1) (Receptor tyrosine-protein kinase erbB-1),Homo sapiens (Human),EGFR,1956;,actin filament binding [GO:0051015]; ATPase binding [GO:0051117]; ATP binding [GO:0005524]; cadherin binding [GO:0045296]; calmodulin binding [GO:0005516]; chromatin binding [GO:0003682]; double-stranded DNA binding [GO:0003690]; enzyme binding [GO:0019899]; epidermal growth factor-activated receptor activity [GO:0005006]; epidermal growth factor binding [GO:0048408]; identical protein binding [GO:0042802]; integrin binding [GO:0005178]; MAP kinase kinase kinase activity [GO:0004709]; protein heterodimerization activity [GO:0046982]; protein kinase binding [GO:0019901]; protein phosphatase binding [GO:0019903]; protein tyrosine kinase activity [GO:0004713]; transmembrane receptor protein tyrosine kinase activity [GO:0004714]; transmembrane signaling receptor activity [GO:0004888]; ubiquitin protein ligase binding [GO:0031625]; virus receptor activity [GO:0001618]
94,O95817,BAG family molecular chaperone regulator 3 (BAG-3) (Bcl-2-associated athanogene 3) (Bcl-2-binding protein Bis) (Docking protein CAIR-1),Homo sapiens (Human),BAG3,9531;,adenyl-nucleotide exchange factor activity [GO:0000774]; cadherin binding [GO:0045296]; chaperone binding [GO:0051087]; dynein intermediate chain binding [GO:0045505]; protein-containing complex binding [GO:0044877]
95,O95677,Eyes absent homolog 4 (EC 3.1.3.48),Homo sapiens (Human),EYA4,2070;,metal ion binding [GO:0046872]; protein tyrosine phosphatase activity [GO:0004725]
96,O76082,Solute carrier family 22 member 5 (High-affinity sodium-dependent carnitine cotransporter) (Organic cation/carnitine transporter 2),Homo sapiens (Human),SLC22A5,6584;,ATP binding [GO:0005524]; carnitine transmembrane transporter activity [GO:0015226]; PDZ domain binding [GO:0030165]; quaternary ammonium group transmembrane transporter activity [GO:0015651]; symporter activity [GO:0015293]; xenobiotic transmembrane transporter activity [GO:0042910]
97,O76041,Nebulette (Actin-binding Z-disk protein),Homo sapiens (Human),NEBL,10529;,actin filament binding [GO:0051015]; cytoskeletal protein binding [GO:0008092]; filamin binding [GO:0031005]; structural constituent of muscle [GO:0008307]; tropomyosin binding [GO:0005523]
98,O75112,LIM domain-binding protein 3 (Protein cypher) (Z-band alternatively spliced PDZ-motif protein),Homo sapiens (Human),LDB3,11155;,actin binding [GO:0003779]; cytoskeletal protein binding [GO:0008092]; metal ion binding [GO:0046872]; muscle alpha-actinin binding [GO:0051371]; protein kinase C binding [GO:0005080]
99,O75072,Fukutin (EC 2.4.2.-) (Fukuyama-type congenital muscular dystrophy protein) (Ribitol-5-phosphate transferase),Homo sapiens (Human),FKTN,2218;,transferase activity [GO:0016740]
100,O60706,ATP-binding cassette sub-family C member 9 (Sulfonylurea receptor 2),Homo sapiens (Human),ABCC9,10060;,ATPase activity [GO:0016887]; ATPase-coupled cation transmembrane transporter activity [GO:0019829]; ATPase-coupled transmembrane transporter activity [GO:0042626]; ATP binding [GO:0005524]; ion channel binding [GO:0044325]; potassium channel activity [GO:0005267]; potassium channel regulator activity [GO:0015459]; sulfonylurea receptor activity [GO:0008281]
101,O15273,Telethonin (Titin cap protein),Homo sapiens (Human),TCAP,8557;,"BMP binding [GO:0036122]; FATZ binding [GO:0051373]; ion channel binding [GO:0044325]; protein binding, bridging [GO:0030674]; structural constituent of muscle [GO:0008307]; titin binding [GO:0031432]; titin Z domain binding [GO:0070080]"
